title,published_date,views,likes,comments,publish_year
"Answer The Call, Win $10,000",2025-09-16 17:00:04+00:00,884752272,9066208,22204,2025
Subscribe for an iPhone,2026-01-13 19:00:04+00:00,782879819,4971642,142928,2026
"Giving Away $1,000,000 in Gifts To My Subscribers",2025-12-21 17:00:01+00:00,747232466,5977273,186614,2025
1 Subscriber = 1 Penny Donated,2025-08-29 16:00:10+00:00,601084991,22949761,29868,2025
I Cooked A Pizza With Power Tools,2025-09-23 16:00:07+00:00,488610679,8826716,42567,2025
I Raced IShowSpeed,2025-09-01 20:45:41+00:00,455614376,8046663,10507,2025
Guess the Animal,2026-01-06 17:00:02+00:00,312733330,4615865,16970,2026
I Raced Noah Lyles,2025-11-14 17:00:01+00:00,285727656,3741623,10295,2025
Can I Beat An F1 Driver?,2025-11-18 17:00:01+00:00,277509569,2539338,11968,2025
"Flip a Coin, Win $30,000",2026-01-27 17:00:03+00:00,268086505,4075483,22819,2026
"Flip a Coin, I’ll Pay For Your College",2025-11-28 17:00:01+00:00,254323932,4173918,20398,2025
World’s Fastest Dinner Date,2025-10-03 16:00:03+00:00,254092651,3565522,12098,2025
"Survive 30 Days Chained To Your Ex, Win $250,000",2025-09-13 16:00:01+00:00,203605737,3884990,63390,2025
"Find The Real Celebrity, Win $10,000",2025-12-19 17:00:02+00:00,179000131,3677346,13457,2025
Which Celebrity Punches The Hardest?,2025-09-19 16:00:03+00:00,160381605,3299981,9837,2025
"I Saved 1,000 Animals From Dying",2025-10-25 16:00:01+00:00,156315024,3120074,57109,2025
100 Kids Vs World's Strongest Man!,2025-10-11 16:00:00+00:00,152689469,2739132,50829,2025
"$1 vs $1,000,000,000 Nuclear Bunker!",2025-08-30 16:00:11+00:00,147415878,2807511,36499,2025
Giving Trick-or-Treaters Weirder and Weirder Gifts,2025-11-07 17:00:05+00:00,141598327,1616672,12248,2025
"Survive 30 Days Trapped In The Sky, Win $250,000",2025-12-20 17:00:01+00:00,141518243,2520015,100567,2025
100 Pilots Fight For A Private Jet,2025-12-06 17:00:01+00:00,128348103,1819565,71308,2025
"Pick The Wrong Tube, Get Slimed",2025-08-27 16:00:02+00:00,127388089,2864529,8690,2025
"Would You Date Him for $10,000?",2025-12-12 17:00:03+00:00,124446891,3213167,21395,2025
"Would You Risk Dying For $500,000?",2025-09-27 16:00:04+00:00,118907195,2203158,31203,2025
"30 Celebrities Fight For $1,000,000!",2026-01-07 20:00:09+00:00,102499361,2402606,114319,2026
100 People Vs World’s Biggest Trap!,2025-11-08 17:00:00+00:00,102363189,1875701,83278,2025
"Call Your Ex, Win $10,000",2025-10-07 16:00:00+00:00,99877938,2631211,9680,2025
World's Strongest Man Vs Robot,2025-11-22 17:00:01+00:00,99537972,1857074,64546,2025
"$1 vs $1,000,000,000 Futuristic Tech!",2026-01-24 17:00:01+00:00,98330367,2579289,81884,2026
Wait... Was He Famous?,2026-01-25 20:00:01+00:00,95494379,2474444,24243,2026
Would Your Grandma Go Skydiving?,2025-09-26 18:00:07+00:00,88611256,2474959,8894,2025
I Paid Everyone Stuck in Traffic,2025-12-26 17:00:05+00:00,84833926,2461230,38029,2025
Can We Stop World's Best Tennis Player,2025-10-31 16:00:02+00:00,83995836,1386068,11159,2025
I Arrested IShowSpeed,2025-09-12 17:00:01+00:00,80064320,2319696,6809,2025
"Answer The Door, Win $10,000",2025-10-14 16:00:00+00:00,78332602,2333740,47819,2025
Guess What Age Punched You,2026-02-09 17:00:00+00:00,77000234,1433864,11908,2026
"Jump Over The Lava, Win!",2025-10-10 16:00:01+00:00,72412553,1994244,11684,2025
Who Has The Fastest Reaction Time?,2025-11-25 17:00:00+00:00,72029110,1601023,8092,2025
Pass the Phone,2026-01-09 19:00:05+00:00,64756484,1584776,11975,2026
"First to Answer the Phone, Wins $10,000",2025-10-17 16:00:00+00:00,62243064,1895127,9405,2025
"Whatever You Hold Onto, You Keep",2025-12-02 20:00:01+00:00,60132712,821933,10846,2025
Hi Me In 10 Years,2025-10-04 16:00:07+00:00,56911359,3572971,111540,2025
"Hit The Target, Keep The Prize",2025-12-05 17:00:03+00:00,48081552,1087589,9698,2025
"Ages 1 - 100 Race For $250,000!",2026-02-07 17:00:01+00:00,47007134,1141615,58263,2026
I Baked a Cake In a Race Car,2025-10-21 16:00:01+00:00,42374017,792475,7694,2025
How Many People to Pull a Plane?,2025-12-06 19:55:52+00:00,39101878,827735,12958,2025
I Surprised 50 Make-A-Wish Kids With Disneyland,2025-11-21 19:40:01+00:00,38307579,928114,12279,2025
MrBeast Lab Disaster!,2025-11-03 17:00:01+00:00,32742423,1274028,16285,2025
How I Became MrBeef,2025-11-16 20:00:02+00:00,31128081,1187009,15569,2025
Survivor vs Beast Games,2026-01-16 19:00:01+00:00,25351780,699159,12916,2026
